{"cameraMode":{"drawMode":0,"name":"Shaded","section":"Shading Mode"},"sceneLighting":true,"audioPlay":false,"sceneViewState":{"showFog":true,"showMaterialUpdate":false,"showSkybox":true,"showFlares":true,"showImageEffects":true,"showParticleSystems":true},"in2DMode":false,"pivot":{"x":-10.226819038391114,"y":2.9020373821258547,"z":6.2285590171813969},"rotation":{"x":-0.06925457715988159,"y":-0.0005868623265996575,"z":0.00003918912625522353,"w":-0.9976056814193726},"size":7.142210960388184,"orthographic":false}