{"cameraMode":{"drawMode":0,"name":"Shaded","section":"Shading Mode"},"sceneLighting":true,"audioPlay":false,"sceneViewState":{"showFog":true,"showMaterialUpdate":false,"showSkybox":true,"showFlares":true,"showImageEffects":true,"showParticleSystems":true},"in2DMode":false,"pivot":{"x":0.0031480789184570314,"y":2.235931396484375,"z":1.0543041229248047},"rotation":{"x":0.023535603657364847,"y":0.9764696955680847,"z":-0.15238825976848603,"w":0.15087908506393434},"size":8.349903106689454,"orthographic":false}